menu_source_id,venue_id,venue_name,city,menu_url,menu_name,menu_category,menu_source_type,is_primary,discovery_method,retrieval_method,raw_file_path,extraction_status,extraction_confidence,content_hash,checked_at
6cb1580d-a787-40b8-9016-053c31c81297,ea13b613cd4be604,Amano Bar,Berlin,https://www.amanogroup.com/assets/bar-menue-amano-bar-berlin-mitte.pdf,Other,OTHER,PDF,1,manual_curated,,,PENDING,0.0,,
68a7ec99-e506-428f-9133-5a11328be243,b73a2cb3600d854c,Bar Brass,Berlin,https://www.barbrass.de/wp-content/uploads/Simple-Food-Menu-4.pdf.pdf,Food,FOOD,PDF,1,manual_curated,,,PENDING,0.0,,
d37e234e-db0c-4f2a-9e27-e4d0ac8a0757,ca31310366949954,Bar Clara,Berlin,https://cdn.sanity.io/files/2xi539qp/production/373c97321089da038cffaa4ead8dd30ebd02ebd1.pdf?filename=BARCLARA_MENU_DE_130426.pdf,Other,OTHER,PDF,1,manual_curated,,,PENDING,0.0,,
4153a772-7910-407c-ac7e-0310d91e3143,3c54b294f6ab7c7a,Bar Milano,Berlin,https://www.barmilanoberlin.com/menu,Other,OTHER,HTML_PAGE,1,manual_curated,,,PENDING,0.0,,
fc896dbf-20a4-4b51-a732-ff6b8dbb35b0,5cae968dc496dfe9,Bar Tausend,Berlin,https://tausendberlin.com/wp-content/uploads/2026/03/BarTausend-BarCard-Cocktails-20260322-V04.pdf,Cocktail,COCKTAIL,PDF,1,manual_curated,,,PENDING,0.0,,
b4ea867a-3dbb-4bd9-a9cb-1055241ff833,d5cde34330d7bb00,Becketts Kopf,Berlin,https://becketts-kopf.de/new/wp-content/uploads/2026/07/becketts_karte_06_26.pdf,Other,OTHER,PDF,1,manual_curated,,,PENDING,0.0,,
04ed9944-4018-40f5-bbad-1c5ecd341886,4114d6b6581c722e,Bellboy Berlin,Berlin,https://www.bellboyberlin.com/_files/ugd/2e46ca_49ea35bb90c5477a9056c5488e337e85.pdf,Other,OTHER,PDF,1,manual_curated,,,PENDING,0.0,,
7a1ab01a-a95d-46ad-b7ce-f8013a46bb73,c06c4eb83a1a2304,Fabelei,Berlin,https://fabelei.com/menu#cocktails,Cocktail,COCKTAIL,HTML_PAGE,1,manual_curated,,,PENDING,0.0,,
dd866557-5a89-4ae1-bfad-0c041021fd3d,2e994dadc0335f90,Fahimi Bar,Berlin,https://fahimibar.de/karte/,Other,OTHER,HTML_PAGE,1,manual_curated,,,PENDING,0.0,,
556f8932-01a4-4ba0-bba9-7aba5ddf4fac,d615c7f9e3ec1750,George R,Berlin,https://george-r.de/menue/,Other,OTHER,HTML_PAGE,1,manual_curated,,,PENDING,0.0,,
042d99d4-fad6-47f3-9fa3-98a9fba10560,9e6e504992ec3a4c,Gibson Bar,Berlin,https://www.gibson-bar.com/_files/ugd/d3a296_efcde011cb0948cba1f5e2f43f1e8376.pdf,Other,OTHER,PDF,1,manual_curated,,,PENDING,0.0,,
a8021833-9ed7-426f-a452-f7573a5a148a,5f16f6bd4970d3b8,Golvet Bar,Berlin,https://golvet.de/wp-content/uploads/2026/02/Golvet-Bar-Menu-final-ohne-schnittmarken.pdf,Other,OTHER,PDF,1,manual_curated,,,PENDING,0.0,,
fe01b694-d7ab-497d-a392-f22ce074d943,997262feb9caed93,Grace Bar,Berlin,https://grace-restaurant.de/wp-content/uploads/2026/04/bar_karte_26_online.pdf,Other,OTHER,PDF,1,manual_curated,,,PENDING,0.0,,
9e97fd41-14b0-4056-acf7-7defbcfb5e9c,05eb350eaccbfa1d,Grand Bar,Berlin,https://www.grandbar.de/wp-content/uploads/2025/04/GrandBar-flyeralarm-A5-20seiter-Final-web.pdf,Other,OTHER,PDF,1,manual_curated,,,PENDING,0.0,,
4454e8f1-1779-444e-8552-4e3ad67968da,b26218d379cd724b,Green Door Bar,Berlin,https://www.greendoor.de/de/barkarte/,Other,OTHER,HTML_PAGE,1,manual_curated,,,PENDING,0.0,,
a1871d30-dd3e-41c7-9eda-c9a09a0c17d8,6ba55efa03b41c64,House of Gin,Berlin,https://www.palace.de/assets/HouseofGin.pdf,Spirits,SPIRITS,PDF,1,manual_curated,,,PENDING,0.0,,
27f6e9da-3c0e-4cd3-9d28-6d342eab1745,8ceb50464610cc56,Höschen,Berlin,http://menu.hoeschenbar.de/menu.pdf,Other,OTHER,PDF,1,manual_curated,,,PENDING,0.0,,
ad523613-b7a6-495f-9172-122623001898,e827f1b72761e7f0,Kaminbar,Berlin,https://www.hotel-oderberger.berlin/wp-content/uploads/2026/07/Kaminbarkarte_komplett_4931.pdf,Other,OTHER,PDF,1,manual_curated,,,PENDING,0.0,,
bc49c701-a852-4580-a7bc-abe52ece7f44,2831d226a7c9e455,Lang Bar,Berlin,https://langbar.de/wp-content/uploads/2026/08/20260720_LangBar_Getraenkekarte_ANSICHT.pdf,Drinks,DRINKS,PDF,1,manual_curated,,,PENDING,0.0,,
39bd17fd-0765-4007-b7f0-b0ac82f6b88a,15b9aabe2bcf74e6,Marlene Bar,Berlin,https://www.berlin.intercontinental.com/wp-content/uploads/2023/04/Barkarte.pdf,Other,OTHER,PDF,1,manual_curated,,,PENDING,0.0,,
ba178146-9412-4de4-9bfb-f60ae4ad7ac0,05f6e1546e44eab4,Monkey Bar,Berlin,https://monkeybarberlin.de/wp-content/uploads/sites/11/2023/11/25hours_hotel_bikini_berlin_monkey_bar.pdf,Other,OTHER,PDF,1,manual_curated,,,PENDING,0.0,,
cb0a345c-4a97-451a-bc2b-3cabf6b02788,5cd6db2254742206,Mr. Susan,Berlin,https://static1.squarespace.com/static/6071bacb2519e02f941b6fbf/t/6a2511a3418d931011e20ee3/1780814243693/Summer+2026.pdf,Other,OTHER,PDF,1,manual_curated,,,PENDING,0.0,,
39106461-d838-4b8e-a5f8-1c5d117822bd,7e820e39c249c290,Nobelhart & Schmutzig,Berlin,https://drive.google.com/file/d/1TaUS7evgFwMQqNCYoO_4-TOz5BrdhLAa/view,Other,OTHER,HTML_PAGE,1,manual_curated,,,PENDING,0.0,,
2267bc92-4c95-4254-bdff-ca186bdd71b8,aa6fbdbc2bfa7538,Peters,Berlin,https://static1.squarespace.com/static/66cf086c0108b675bf9e43ee/t/6798ceb85330ba162b7d04ff/1738067641512/Peter%27s+Menu.pdf,Other,OTHER,PDF,1,manual_curated,,,PENDING,0.0,,
02152e8e-8a66-4b61-a9e0-c20959d00fa4,5d776cc0989b342b,Posh Bar,Berlin,https://cdn.qr-code-generator.com/account8553482/58814727_1.pdf?Expires=1788384323&Signature=QxXe62QqS0sG~lSaFsXFPYfeXKXfd0ssyTZIxAqOQYAfYRcmOkIgYBDMiWr97X7O6KAZwCXs8D7DY5UCbj8JALmsjs68kQ27vICTcD8j~IPby-68IyvUTNJN8qXjULNnSlXqbtGu57EcHFzim~LhoTdNCf2bpYjg2udc3cyqitHYqn8rKagyZQCoSVTfjz4pogoa13XdYUKzx2b0GLJzLskOxuB19GeJU-~6Dle0ZH3d3dPUWfEhSaf86rcwnqEVRLiYv6WyII6AUuJXboFG2oM6WOwe-U0gGCw8LFCV0GXDw4gly8ueSCnxpP-ccJgmpHBxECjR6CZq-QjIimOQSw__&Key-Pair-Id=KKMPOJU8AYATR,Other,OTHER,HTML_PAGE,1,manual_curated,,,PENDING,0.0,,
9f81995b-c126-41ef-8d9a-09e91a283a9d,7bb018862e034b8c,Provocateur Bar,Berlin,https://www.provocateur-hotel.com/downloads/provocateur-berlin-drinks.pdf,Drinks,DRINKS,PDF,1,manual_curated,,,PENDING,0.0,,
a584dccf-f02c-4cb5-a7f9-66a6b08c2ff7,e0c16f90e31a4030,QIU Bar & Restaurant,Berlin,https://qiu.de/site/assets/files/52277/getrankekarte_qiu.pdf,Other,OTHER,PDF,1,manual_curated,,,PENDING,0.0,,
8626ad38-92a3-4f4a-b02c-5cef402b0daa,17e0c79dd12769a3,Roomers Bar,Berlin,https://www.roomers-hotels.com/downloads/roomers-berlin-bar-menu.pdf,Other,OTHER,PDF,1,manual_curated,,,PENDING,0.0,,
7a9813cc-b78e-4e0f-8d9c-147fc4faca4d,322e0ca62a84d9d2,Root Bar,Berlin,https://www.telegraphenamt.com/wp-content/uploads/ROOTBar_Menu0126.pdf,Other,OTHER,PDF,1,manual_curated,,,PENDING,0.0,,
8d5850d7-9800-4ac8-ad07-6a44d4a7e265,41d5665183d16f19,STUE Bar,Berlin,https://dq5r178u4t83b.cloudfront.net/wp-content/uploads/sites/133/2026/05/20090616/Barkarte-drinks-ab-20.05.2026.pdf,Drinks,DRINKS,PDF,1,manual_curated,,,PENDING,0.0,,
0a7ac648-45a8-40e8-b76a-4547c6b972ac,94e3611b4ad28f0e,Solar Bar,Berlin,https://solar-berlin.de/wp-content/uploads/2026/08/Solar_barkarte_online_202609-1.pdf,Other,OTHER,PDF,1,manual_curated,,,PENDING,0.0,,
e978d822-0c6f-4df9-a879-cb464f59ca27,d1809b1e04264c08,Stagger Lee,Berlin,http://cheers.staggerlee.de/stagger_lee_menu.pdf,Other,OTHER,PDF,1,manual_curated,,,PENDING,0.0,,
20adc988-4f14-4763-acb8-f4284eed95a4,809b170856391118,The Hat Bar Berlin,Berlin,https://thehatbar.de/drink-with-us/#1587814264829-e564b9ce-a0ba,Other,OTHER,HTML_PAGE,1,manual_curated,,,PENDING,0.0,,
5331d101-75e2-4b6d-8657-f849846ad7dd,4a129498d358c2a1,The Rooftop Terrace at Hotel de Rome,Berlin,https://www.hotelderomeberlin.com/content/dam/berlin/images/web/pdfs/Hotel-de%20Rome-Rooftop-Menu.pdf,Other,OTHER,PDF,1,manual_curated,,,PENDING,0.0,,
0e1d0983-ef95-49c5-be7d-35089bd71c71,5cb3d53637ddc235,The Wash Bar,Berlin,https://menu.thewashbar.berlin/Thewashkarte.pdf,Other,OTHER,PDF,1,manual_curated,,,PENDING,0.0,,
f3060f17-601f-4fd8-8a24-92b6851a6c6e,893c8b0ef7aeb141,VOX Bar,Berlin,https://vox-restaurant.de/wp-content/uploads/2026/06/Vox-Bar-Karte-Terrace-edition-2026.pdf,Other,OTHER,PDF,1,manual_curated,,,PENDING,0.0,,
6707752a-c0d2-4233-99f6-eaf38b09893e,1878d040b0471fd3,Victoria Bar,Berlin,https://victoriabar.de/fileadmin/daten/downloads/victoriabar-2024-dl.pdf,Other,OTHER,PDF,1,manual_curated,,,PENDING,0.0,,
67b02147-e7c1-471a-b783-c1d0e79216dd,982ad018da7bf8dc,Voulez Vous,Berlin,https://www.voulezvous-bar.com/karte,Other,OTHER,HTML_PAGE,1,manual_curated,,,PENDING,0.0,,
